playername(),search_Depth(4),weight_PawnPos(1),biaSpawnPosPieceCount(16),weightKnightsPos(1.3),weightBishopPos(0.8),weightRooksPos(1),weightQueenPos(1.1),weightCastlingBonus(0.4),score(1),average(1),isWinner(1)
AI3 PiecePos-Analyzing_4,3.95,1.01,15.62,1.27,0.79,1.01,0.41,0.39,270.63000000000005,277.6755747508297,0.0
AI3 PiecePos-Analyzing_5,3.93,1.00,15.91,1.31,0.81,0.99,0.40,0.39,275.217,277.6755747508297,0.0
AI3 PiecePos-Analyzing_2,3.95,1.00,15.67,1.33,0.80,0.98,0.40,0.40,271.469,277.6755747508297,0.0
AI3 PiecePos-Analyzing_3,3.94,1.02,15.72,1.30,0.79,1.02,0.41,0.41,272.257,277.6755747508297,0.0
AI3 PiecePos-Analyzing_1,3.98,0.99,15.76,1.28,0.80,1.00,0.41,0.39,272.981,277.6755747508297,0.0
