playername(),search_Depth(4),weight_PawnPos(1),biaSpawnPosPieceCount(16),weightKnightsPos(1.3),weightBishopPos(0.8),weightRooksPos(1),weightQueenPos(1.1),weightCastlingBonus(0.4),score(1),average(1),isWinner(1)
AI3 PiecePos-Analyzing_4,3.94,1.02,15.65,1.31,0.79,0.99,0.41,0.40,271.11600000000004,277.73590759075796,0.0
AI3 PiecePos-Analyzing_5,3.94,1.01,15.93,1.27,0.78,1.00,0.39,0.39,275.51,277.73590759075796,0.0
AI3 PiecePos-Analyzing_2,3.97,1.00,16.24,1.28,0.79,1.00,0.40,0.40,280.616,277.73590759075796,0.0
AI3 PiecePos-Analyzing_3,3.98,1.02,16.04,1.32,0.80,0.98,0.40,0.40,277.516,277.73590759075796,0.0
AI3 PiecePos-Analyzing_1,3.98,1.00,16.17,1.30,0.81,1.01,0.39,0.39,279.57300000000004,277.73590759075796,1.0
AI3 PiecePos-Analyzing_6,4.00,1.01,15.83,1.28,0.79,1.00,0.40,0.39,274.182,277.73590759075796,0.0
