playername(),search_Depth(4),weight_PawnPos(1),biaSpawnPosPieceCount(16),weightKnightsPos(1.3),weightBishopPos(0.8),weightRooksPos(1),weightQueenPos(1.1),weightCastlingBonus(0.4),score(1),average(1),isWinner(1)
AI3 PiecePos-Analyzing_4,3.96,1.02,15.81,1.32,0.81,1.00,0.40,0.40,273.78400000000005,277.74525328947266,0.0
AI3 PiecePos-Analyzing_5,3.92,1.00,15.76,1.30,0.79,1.00,0.39,0.41,272.75499999999994,277.74525328947266,1.0
AI3 PiecePos-Analyzing_2,3.95,1.02,16.12,1.31,0.79,0.98,0.39,0.40,278.644,277.74525328947266,1.0
AI3 PiecePos-Analyzing_3,3.96,1.02,16.37,1.32,0.80,0.98,0.39,0.39,282.701,277.74525328947266,0.0
AI3 PiecePos-Analyzing_1,3.90,1.00,16.38,1.28,0.80,1.01,0.39,0.41,282.58699999999993,277.74525328947266,1.0
