playername(),search_Depth(4),weight_PawnPos(1),biaSpawnPosPieceCount(16),weightKnightsPos(1.3),weightBishopPos(0.8),weightRooksPos(1),weightQueenPos(1.1),weightCastlingBonus(0.4),score(1),average(1),isWinner(1)
AI3 PiecePos-Analyzing_4,3.94,0.99,15.98,1.30,0.80,1.00,0.40,0.39,276.356,277.681026402639,0.0
AI3 PiecePos-Analyzing_5,3.93,1.02,16.06,1.33,0.79,1.02,0.39,0.39,277.66599999999994,277.681026402639,0.0
AI3 PiecePos-Analyzing_2,3.95,1.01,15.69,1.31,0.82,0.99,0.41,0.41,271.814,277.681026402639,0.0
AI3 PiecePos-Analyzing_3,3.92,0.99,15.92,1.27,0.79,1.01,0.40,0.40,275.283,277.681026402639,0.0
AI3 PiecePos-Analyzing_1,3.94,0.98,16.37,1.32,0.81,1.02,0.40,0.40,282.64400000000006,277.681026402639,1.0
AI3 PiecePos-Analyzing_6,3.99,0.98,16.35,1.27,0.79,1.00,0.40,0.39,282.41900000000004,277.681026402639,0.0
