playername(),search_Depth(4),weight_PawnPos(1),biaSpawnPosPieceCount(16),weightKnightsPos(1.3),weightBishopPos(0.8),weightRooksPos(1),weightQueenPos(1.1),weightCastlingBonus(0.4),score(1),average(1),isWinner(1)
AI3 PiecePos-Analyzing_4,4.03,0.98,16.37,1.32,0.43,1.02,1.13,0.40,283.50300000000004,277.6151633466126,1.0
AI3 PiecePos-Analyzing_5,3.97,1.00,16.37,1.33,0.42,1.01,1.08,0.40,283.223,277.6151633466126,0.0
AI3 PiecePos-Analyzing_9,3.96,1.00,15.70,1.31,0.42,1.00,1.08,0.39,272.42299999999994,277.6151633466126,0.0
AI3 PiecePos-Analyzing_2,3.91,1.01,16.10,1.27,0.42,0.99,1.11,0.41,278.612,277.6151633466126,1.0
AI3 PiecePos-Analyzing_3,3.99,1.02,16.39,1.33,0.42,0.98,1.11,0.41,283.65000000000003,277.6151633466126,1.0
AI3 PiecePos-Analyzing_1,4.00,0.99,15.83,1.29,0.42,1.02,1.07,0.41,274.644,277.6151633466126,0.0
AI3 PiecePos-Analyzing_6,3.92,1.01,15.78,1.31,0.43,1.01,1.08,0.40,273.575,277.6151633466126,0.0
AI3 PiecePos-Analyzing_7,4.00,0.99,16.14,1.28,0.43,0.99,1.10,0.41,279.602,277.6151633466126,1.0
AI3 PiecePos-Analyzing_8,3.99,0.99,16.06,1.31,0.42,1.01,1.09,0.40,278.318,277.6151633466126,0.0
