playername(),search_Depth(4),weight_PawnPos(1),biaSpawnPosPieceCount(16),weightKnightsPos(1.3),weightBishopPos(0.8),weightRooksPos(1),weightQueenPos(1.1),weightCastlingBonus(0.4),score(1),average(1),isWinner(1)
AI3 PiecePos-Analyzing_4,3.98,0.98,16.05,1.27,0.79,1.01,0.41,0.40,277.60400000000004,277.6019933333325,0.0
AI3 PiecePos-Analyzing_5,3.95,1.00,16.09,1.30,0.79,0.99,0.40,0.40,278.15200000000004,277.6019933333325,0.0
AI3 PiecePos-Analyzing_2,3.96,0.98,16.11,1.27,0.78,1.02,0.41,0.41,278.49,277.6019933333325,0.0
AI3 PiecePos-Analyzing_3,3.96,1.01,16.38,1.29,0.81,1.02,0.40,0.40,282.87500000000006,277.6019933333325,0.0
AI3 PiecePos-Analyzing_1,3.94,0.99,15.87,1.29,0.80,1.00,0.40,0.39,274.58299999999997,277.6019933333325,0.0
AI3 PiecePos-Analyzing_6,3.98,1.01,15.72,1.32,0.79,1.01,0.39,0.40,272.397,277.6019933333325,1.0
AI3 PiecePos-Analyzing_7,3.93,1.02,16.08,1.30,0.81,0.98,0.40,0.41,277.942,277.6019933333325,1.0
