playername(),search_Depth(4),weight_PawnPos(1),biaSpawnPosPieceCount(16),weightKnightsPos(1.3),weightBishopPos(0.8),weightRooksPos(1),weightQueenPos(1.1),weightCastlingBonus(0.4),score(1),average(1),isWinner(1)
AI3 PiecePos-Analyzing_4,4.04,0.99,16.29,1.30,0.42,1.00,1.11,0.39,282.193,277.4337619047611,0.0
AI3 PiecePos-Analyzing_5,4.01,1.01,16.00,1.31,0.42,1.02,1.08,0.40,277.457,277.4337619047611,1.0
AI3 PiecePos-Analyzing_9,3.93,1.00,16.37,1.32,0.43,0.99,1.08,0.41,283.042,277.4337619047611,0.0
AI3 PiecePos-Analyzing_2,3.99,0.98,15.94,1.33,0.42,1.02,1.09,0.40,276.42400000000004,277.4337619047611,0.0
AI3 PiecePos-Analyzing_3,3.98,1.02,16.04,1.31,0.43,1.00,1.07,0.40,277.964,277.4337619047611,0.0
AI3 PiecePos-Analyzing_1,3.91,0.99,15.89,1.32,0.41,1.00,1.07,0.41,275.255,277.4337619047611,0.0
AI3 PiecePos-Analyzing_6,3.92,1.00,16.29,1.30,0.43,1.00,1.11,0.40,281.735,277.4337619047611,1.0
AI3 PiecePos-Analyzing_7,3.98,0.99,15.63,1.31,0.42,1.01,1.09,0.39,271.394,277.4337619047611,0.0
AI3 PiecePos-Analyzing_8,3.92,1.00,15.71,1.32,0.43,1.01,1.09,0.41,272.473,277.4337619047611,0.0
