playername(),search_Depth(4),weight_PawnPos(1),biaSpawnPosPieceCount(16),weightKnightsPos(1.3),weightBishopPos(0.8),weightRooksPos(1),weightQueenPos(1.1),weightCastlingBonus(0.4),score(1),average(1),isWinner(1)
AI3 PiecePos-Analyzing_4,3.98,1.00,16.00,1.30,0.79,1.02,0.39,0.39,276.847,277.7405182724242,1.0
AI3 PiecePos-Analyzing_5,3.92,0.98,16.07,1.32,0.80,1.02,0.40,0.40,277.75600000000003,277.7405182724242,1.0
AI3 PiecePos-Analyzing_2,3.91,1.01,16.03,1.33,0.79,1.02,0.39,0.41,277.1039999999999,277.7405182724242,1.0
AI3 PiecePos-Analyzing_3,3.94,1.01,16.09,1.28,0.79,1.02,0.41,0.40,278.137,277.7405182724242,0.0
AI3 PiecePos-Analyzing_1,3.98,1.00,16.24,1.30,0.80,1.02,0.40,0.39,280.70599999999996,277.7405182724242,0.0
AI3 PiecePos-Analyzing_6,3.96,1.01,15.98,1.31,0.81,1.02,0.39,0.39,276.486,277.7405182724242,0.0
AI3 PiecePos-Analyzing_7,3.97,1.00,15.83,1.31,0.82,1.00,0.40,0.40,274.119,277.7405182724242,1.0
