playername(),search_Depth(4),weight_PawnPos(1),biaSpawnPosPieceCount(16),weightKnightsPos(1.3),weightBishopPos(0.8),weightRooksPos(1),weightQueenPos(1.1),weightCastlingBonus(0.4),score(1),average(1),isWinner(1)
AI3 PiecePos-Analyzing_4,3.97,1.02,16.04,1.30,0.79,1.02,0.39,0.40,277.47099999999995,277.61597029702864,0.0
AI3 PiecePos-Analyzing_5,3.94,1.00,16.28,1.31,0.80,1.02,0.39,0.41,281.1959999999999,277.61597029702864,0.0
AI3 PiecePos-Analyzing_2,3.99,0.99,15.96,1.27,0.79,1.01,0.40,0.40,276.20300000000003,277.61597029702864,0.0
AI3 PiecePos-Analyzing_3,3.91,1.00,16.06,1.33,0.82,0.98,0.40,0.39,277.561,277.61597029702864,0.0
AI3 PiecePos-Analyzing_1,3.91,1.01,16.16,1.31,0.79,1.02,0.41,0.39,279.17199999999997,277.61597029702864,0.0
