playername(),search_Depth(4),weight_PawnPos(1),biaSpawnPosPieceCount(16),weightKnightsPos(1.3),weightBishopPos(0.8),weightRooksPos(1),weightQueenPos(1.1),weightCastlingBonus(0.4),score(1),average(1),isWinner(1)
AI3 PiecePos-Analyzing_4,3.95,0.98,16.14,1.32,0.80,1.02,0.20,0.40,278.776,277.4412400000001,0.0
AI3 PiecePos-Analyzing_5,3.99,0.98,15.89,1.30,0.78,1.00,0.20,0.40,274.8740000000001,277.4412400000001,0.0
AI3 PiecePos-Analyzing_2,4.03,0.99,16.07,1.27,0.81,1.02,0.20,0.40,277.9290000000001,277.4412400000001,0.0
AI3 PiecePos-Analyzing_3,3.99,0.98,15.88,1.32,0.81,0.99,0.20,0.41,274.7580000000001,277.4412400000001,0.0
AI3 PiecePos-Analyzing_1,3.90,1.02,15.83,1.30,0.79,1.01,0.20,0.40,273.612,277.4412400000001,0.0
AI3 PiecePos-Analyzing_6,3.93,1.02,15.77,1.28,0.78,0.99,0.20,0.40,272.7180000000001,277.4412400000001,0.0
AI3 PiecePos-Analyzing_7,3.99,1.02,16.10,1.31,0.79,1.00,0.20,0.40,278.2950000000001,277.4412400000001,0.0
