playername(),search_Depth(4),weight_PawnPos(1),biaSpawnPosPieceCount(16),weightKnightsPos(1.3),weightBishopPos(0.8),weightRooksPos(1),weightQueenPos(1.1),weightCastlingBonus(0.4),score(1),average(1),isWinner(1)
AI3 PiecePos-Analyzing_4,3.92,1.02,15.72,1.31,0.80,0.98,0.40,0.40,272.14300000000003,277.6480528052794,0.0
AI3 PiecePos-Analyzing_5,3.98,1.02,16.33,1.31,0.79,1.00,0.40,0.40,282.155,277.6480528052794,0.0
AI3 PiecePos-Analyzing_2,3.97,1.00,15.94,1.28,0.78,1.00,0.40,0.41,275.812,277.6480528052794,0.0
AI3 PiecePos-Analyzing_3,3.96,1.01,15.81,1.33,0.81,0.98,0.39,0.39,273.752,277.6480528052794,1.0
AI3 PiecePos-Analyzing_1,3.95,0.99,15.80,1.28,0.78,0.99,0.40,0.41,273.47200000000004,277.6480528052794,0.0
