playername(),search_Depth(4),weight_PawnPos(1),biaSpawnPosPieceCount(16),weightKnightsPos(1.3),weightBishopPos(0.8),weightRooksPos(1),weightQueenPos(1.1),weightCastlingBonus(0.4),score(1),average(1),isWinner(1)
AI3 PiecePos-Analyzing_4,3.96,0.98,16.03,1.27,0.79,1.02,0.39,0.40,277.192,277.44848666666576,1.0
AI3 PiecePos-Analyzing_5,3.97,1.00,16.24,1.32,0.81,1.02,0.40,0.40,280.704,277.44848666666576,0.0
AI3 PiecePos-Analyzing_2,3.96,1.02,15.62,1.30,0.80,1.00,0.40,0.39,270.70599999999996,277.44848666666576,0.0
AI3 PiecePos-Analyzing_3,3.92,0.99,16.29,1.30,0.81,1.02,0.41,0.40,281.27900000000005,277.44848666666576,0.0
AI3 PiecePos-Analyzing_1,3.91,1.02,16.25,1.32,0.81,1.01,0.40,0.41,280.63800000000003,277.44848666666576,1.0
AI3 PiecePos-Analyzing_6,3.92,0.98,16.02,1.30,0.81,0.99,0.40,0.39,276.90400000000005,277.44848666666576,0.0
AI3 PiecePos-Analyzing_7,3.90,1.01,15.78,1.30,0.79,0.99,0.40,0.40,273.002,277.44848666666576,0.0
AI3 PiecePos-Analyzing_8,3.99,0.99,15.91,1.31,0.82,1.00,0.41,0.40,275.48,277.44848666666576,1.0
