playername(),search_Depth(4),weight_PawnPos(1),biaSpawnPosPieceCount(16),weightKnightsPos(1.3),weightBishopPos(0.8),weightRooksPos(1),weightQueenPos(1.1),weightCastlingBonus(0.4),score(1),average(1),isWinner(1)
AI3 PiecePos-Analyzing_4,3.96,0.98,15.74,1.30,0.80,1.02,0.41,0.40,272.62100000000004,277.66238870431806,0.0
AI3 PiecePos-Analyzing_5,3.93,0.99,16.01,1.32,0.78,1.02,0.39,0.39,276.815,277.66238870431806,1.0
AI3 PiecePos-Analyzing_2,3.92,1.00,15.97,1.28,0.80,1.01,0.40,0.39,276.10999999999996,277.66238870431806,0.0
AI3 PiecePos-Analyzing_3,3.94,1.00,15.62,1.27,0.79,1.00,0.40,0.39,270.559,277.66238870431806,0.0
AI3 PiecePos-Analyzing_1,3.93,1.01,15.93,1.31,0.82,0.99,0.40,0.39,275.555,277.66238870431806,1.0
