playername(),search_Depth(4),weight_PawnPos(1),biaSpawnPosPieceCount(16),weightKnightsPos(1.3),weightBishopPos(0.8),weightRooksPos(1),weightQueenPos(1.1),weightCastlingBonus(0.4),score(1),average(1),isWinner(1)
AI3 PiecePos-Analyzing_4,3.97,1.02,15.78,1.30,0.80,1.00,0.40,0.40,273.31,277.80076897689673,0.0
AI3 PiecePos-Analyzing_5,3.95,0.99,15.67,1.31,0.81,0.99,0.41,0.40,271.46200000000005,277.80076897689673,0.0
AI3 PiecePos-Analyzing_9,3.96,0.98,16.00,1.32,0.82,0.98,0.40,0.40,276.77200000000005,277.80076897689673,0.0
AI3 PiecePos-Analyzing_2,3.94,0.98,16.24,1.33,0.81,1.01,0.39,0.40,280.556,277.80076897689673,0.0
AI3 PiecePos-Analyzing_3,3.94,1.00,16.12,1.30,0.80,0.99,0.41,0.39,278.607,277.80076897689673,0.0
AI3 PiecePos-Analyzing_1,3.98,0.98,15.68,1.32,0.80,0.98,0.40,0.39,271.712,277.80076897689673,0.0
AI3 PiecePos-Analyzing_6,3.96,1.02,15.74,1.31,0.79,0.98,0.39,0.40,272.604,277.80076897689673,1.0
AI3 PiecePos-Analyzing_7,3.96,1.02,15.96,1.28,0.79,0.98,0.39,0.40,276.08500000000004,277.80076897689673,0.0
AI3 PiecePos-Analyzing_8,3.94,1.00,16.33,1.28,0.81,0.99,0.39,0.39,281.92699999999996,277.80076897689673,1.0
