playername(),search_Depth(4),weight_PawnPos(1),biaSpawnPosPieceCount(16),weightKnightsPos(1.3),weightBishopPos(0.8),weightRooksPos(1),weightQueenPos(1.1),weightCastlingBonus(0.4),score(1),average(1),isWinner(1)
AI3 PiecePos-Analyzing_4,3.94,1.01,16.26,1.30,0.79,1.02,0.40,0.41,280.876,277.7774304635752,0.0
AI3 PiecePos-Analyzing_5,3.95,1.02,16.34,1.28,0.79,1.02,0.40,0.40,282.176,277.7774304635752,0.0
AI3 PiecePos-Analyzing_2,3.95,0.98,16.37,1.29,0.79,1.00,0.41,0.40,282.6200000000001,277.7774304635752,0.0
AI3 PiecePos-Analyzing_3,3.97,1.01,15.75,1.28,0.79,0.99,0.40,0.41,272.78,277.7774304635752,0.0
AI3 PiecePos-Analyzing_1,3.98,1.01,16.10,1.27,0.79,1.01,0.39,0.40,278.41200000000003,277.7774304635752,0.0
AI3 PiecePos-Analyzing_6,3.94,1.00,16.02,1.33,0.80,0.99,0.40,0.39,277.03499999999997,277.7774304635752,1.0
AI3 PiecePos-Analyzing_7,4.00,1.00,15.94,1.29,0.79,1.02,0.41,0.40,275.98,277.7774304635752,0.0
