playername(),search_Depth(4),weight_PawnPos(1),biaSpawnPosPieceCount(16),weightKnightsPos(1.3),weightBishopPos(0.8),weightRooksPos(1),weightQueenPos(1.1),weightCastlingBonus(0.4),score(1),average(1),isWinner(1)
AI3 PiecePos-Analyzing_4,3.90,1.00,16.09,1.31,0.80,1.02,0.41,0.40,278.014,277.59326821191945,0.0
AI3 PiecePos-Analyzing_5,3.93,1.00,15.99,1.29,0.80,0.99,0.41,0.40,276.47800000000007,277.59326821191945,0.0
AI3 PiecePos-Analyzing_2,3.96,1.02,15.74,1.29,0.81,0.99,0.40,0.39,272.61100000000005,277.59326821191945,1.0
AI3 PiecePos-Analyzing_3,3.93,1.02,16.20,1.31,0.81,1.00,0.39,0.39,279.876,277.59326821191945,1.0
AI3 PiecePos-Analyzing_1,3.95,0.99,15.68,1.30,0.80,0.98,0.41,0.40,271.59100000000007,277.59326821191945,0.0
