playername(),search_Depth(4),weight_PawnPos(1),biaSpawnPosPieceCount(16),weightKnightsPos(1.3),weightBishopPos(0.8),weightRooksPos(1),weightQueenPos(1.1),weightCastlingBonus(0.4),score(1),average(1),isWinner(1)
AI3 PiecePos-Analyzing_4,3.93,1.02,15.84,1.30,0.81,1.02,0.39,0.40,274.127,277.85017940199225,1.0
AI3 PiecePos-Analyzing_5,3.93,1.02,16.36,1.33,0.80,0.98,0.39,0.40,282.438,277.85017940199225,0.0
AI3 PiecePos-Analyzing_2,3.92,0.99,16.13,1.32,0.79,0.98,0.39,0.41,278.671,277.85017940199225,1.0
AI3 PiecePos-Analyzing_3,3.94,0.98,15.97,1.32,0.82,1.00,0.41,0.39,276.23900000000003,277.85017940199225,0.0
AI3 PiecePos-Analyzing_1,3.91,0.99,16.30,1.28,0.81,1.01,0.40,0.40,281.35200000000003,277.85017940199225,0.0
AI3 PiecePos-Analyzing_6,3.96,1.00,16.38,1.28,0.78,1.01,0.40,0.39,282.81399999999996,277.85017940199225,0.0
