playername(),search_Depth(4),weight_PawnPos(1),biaSpawnPosPieceCount(16),weightKnightsPos(1.3),weightBishopPos(0.8),weightRooksPos(1),weightQueenPos(1.1),weightCastlingBonus(0.4),score(1),average(1),isWinner(1)
AI3 PiecePos-Analyzing_4,3.98,0.99,16.02,1.28,0.79,1.00,0.41,0.39,277.13300000000004,277.8257755775567,0.0
AI3 PiecePos-Analyzing_5,3.99,1.00,16.26,1.31,0.82,1.02,0.41,0.39,281.106,277.8257755775567,0.0
AI3 PiecePos-Analyzing_2,3.92,1.00,15.96,1.30,0.79,0.98,0.40,0.39,275.93800000000005,277.8257755775567,0.0
AI3 PiecePos-Analyzing_3,3.97,1.00,15.73,1.30,0.79,1.00,0.40,0.40,272.482,277.8257755775567,0.0
AI3 PiecePos-Analyzing_1,3.97,1.01,16.38,1.31,0.82,0.99,0.40,0.40,282.919,277.8257755775567,0.0
AI3 PiecePos-Analyzing_6,3.97,1.00,15.74,1.28,0.79,1.01,0.40,0.41,272.63,277.8257755775567,0.0
AI3 PiecePos-Analyzing_7,3.97,0.99,15.82,1.28,0.80,0.98,0.40,0.40,273.874,277.8257755775567,0.0
AI3 PiecePos-Analyzing_8,3.94,1.00,16.26,1.29,0.79,0.98,0.39,0.39,280.79400000000004,277.8257755775567,1.0
