playername(),search_Depth(4),weight_PawnPos(1),biaSpawnPosPieceCount(16),weightKnightsPos(1.3),weightBishopPos(0.8),weightRooksPos(1),weightQueenPos(1.1),weightCastlingBonus(0.4),score(1),average(1),isWinner(1)
AI3 PiecePos-Analyzing_4,3.98,0.98,16.33,1.32,0.81,1.02,0.40,0.40,282.164,277.76041528239085,0.0
AI3 PiecePos-Analyzing_2,3.97,0.99,16.30,1.32,0.80,1.00,0.41,0.40,281.63700000000006,277.76041528239085,0.0
AI3 PiecePos-Analyzing_3,3.92,1.00,16.18,1.31,0.80,0.99,0.40,0.39,279.489,277.76041528239085,1.0
AI3 PiecePos-Analyzing_1,3.94,1.01,16.00,1.30,0.79,1.01,0.39,0.41,276.69499999999994,277.76041528239085,0.0
