playername(),search_Depth(4),weight_PawnPos(1),biaSpawnPosPieceCount(16),weightKnightsPos(1.3),weightBishopPos(0.8),weightRooksPos(1),weightQueenPos(1.1),weightCastlingBonus(0.4),score(1),average(1),isWinner(1)
AI3 PiecePos-Analyzing_4,3.97,0.98,16.16,1.29,0.79,0.98,0.40,0.40,279.3090000000001,277.7176953642374,0.0
AI3 PiecePos-Analyzing_5,3.99,1.01,15.84,1.29,0.80,1.01,0.40,0.40,274.33700000000005,277.7176953642374,0.0
AI3 PiecePos-Analyzing_2,3.99,1.00,15.80,1.31,0.81,0.98,0.40,0.40,273.69100000000003,277.7176953642374,0.0
AI3 PiecePos-Analyzing_3,3.99,1.01,15.89,1.32,0.79,0.99,0.39,0.41,275.141,277.7176953642374,0.0
AI3 PiecePos-Analyzing_1,3.99,0.98,16.03,1.32,0.79,1.02,0.40,0.40,277.38800000000003,277.7176953642374,0.0
AI3 PiecePos-Analyzing_6,3.97,0.99,15.92,1.30,0.79,0.98,0.40,0.40,275.492,277.7176953642374,0.0
