playername(),search_Depth(4),weight_PawnPos(1),biaSpawnPosPieceCount(16),weightKnightsPos(1.3),weightBishopPos(0.8),weightRooksPos(1),weightQueenPos(1.1),weightCastlingBonus(0.4),score(1),average(1),isWinner(1)
AI3 PiecePos-Analyzing_4,3.90,1.00,16.18,1.27,1.80,0.99,1.07,0.41,280.90200000000004,277.74807308969986,0.0
AI3 PiecePos-Analyzing_5,4.01,0.98,15.86,1.32,1.74,0.98,1.09,0.40,276.22700000000003,277.74807308969986,1.0
AI3 PiecePos-Analyzing_2,3.94,0.98,16.21,1.28,1.77,1.02,1.08,0.39,281.544,277.74807308969986,0.0
AI3 PiecePos-Analyzing_3,3.98,1.02,15.87,1.28,1.73,0.99,1.12,0.41,276.29400000000004,277.74807308969986,0.0
AI3 PiecePos-Analyzing_1,4.08,0.98,16.34,1.27,1.75,0.98,1.08,0.40,284.119,277.74807308969986,1.0
AI3 PiecePos-Analyzing_6,3.99,1.01,15.76,1.33,1.76,1.02,1.10,0.41,274.66099999999994,277.74807308969986,0.0
